name,launch date,source,intended usage,tdp (W),cores,threads,normalized_name
amd a4-9120c,2019-01-06,https://en.wikichip.org/wiki/amd/a4/a4-9120c,Mobile,6.0,2,2.0,amd a4-9120c
amd a6-9220c,2019-01-06,https://en.wikichip.org/wiki/amd/a6/a6-9220c,Mobile,6.0,2,2.0,amd a6-9220c
amd a8 7680,2019-01-17,https://en.wikichip.org/wiki/amd/a8/7680,Desktop,45.0,4,4.0,amd a8 7680
alchemy au1200-333mgc,2005-05-01,https://en.wikichip.org/wiki/alchemy/au1200-333mgc,Embedded,1.5,1,,alchemy au1200-333mgc
alchemy au1200-333mgd,2005-05-01,https://en.wikichip.org/wiki/alchemy/au1200-333mgd,Embedded,1.5,1,,alchemy au1200-333mgd
alchemy au1200-333mgf,2005-05-01,https://en.wikichip.org/wiki/alchemy/au1200-333mgf,Embedded,1.5,1,,alchemy au1200-333mgf
alchemy au1200-333mgi,2005-05-01,https://en.wikichip.org/wiki/alchemy/au1200-333mgi,Embedded,1.5,1,,alchemy au1200-333mgi
alchemy au1200-400mgc,2005-05-01,https://en.wikichip.org/wiki/alchemy/au1200-400mgc,Embedded,1.6,1,,alchemy au1200-400mgc
alchemy au1200-400mgd,2005-05-01,https://en.wikichip.org/wiki/alchemy/au1200-400mgd,Embedded,1.6,1,,alchemy au1200-400mgd
alchemy au1200-500mgc,2005-05-01,https://en.wikichip.org/wiki/alchemy/au1200-500mgc,Embedded,1.6,1,,alchemy au1200-500mgc
alchemy au1200-500mgd,2005-05-01,https://en.wikichip.org/wiki/alchemy/au1200-500mgd,Embedded,1.6,1,,alchemy au1200-500mgd
alchemy au1210-333mgd,2007-06-05,https://en.wikichip.org/wiki/alchemy/au1210-333mgd,Embedded,0.92,1,,alchemy au1210-333mgd
alchemy au1210-333mgf,2007-06-05,https://en.wikichip.org/wiki/alchemy/au1210-333mgf,Embedded,0.92,1,,alchemy au1210-333mgf
alchemy au1210-400mgd,2007-06-05,https://en.wikichip.org/wiki/alchemy/au1210-400mgd,Embedded,1.0,1,,alchemy au1210-400mgd
alchemy au1210-400mgf,2007-06-05,https://en.wikichip.org/wiki/alchemy/au1210-400mgf,Embedded,1.0,1,,alchemy au1210-400mgf
alchemy au1250-400mgd,2007-06-05,https://en.wikichip.org/wiki/alchemy/au1250-400mgd,Embedded,1.2,1,,alchemy au1250-400mgd
alchemy au1250-400mgf,2007-06-05,https://en.wikichip.org/wiki/alchemy/au1250-400mgf,Embedded,1.2,1,,alchemy au1250-400mgf
alchemy au1250-500mgd,2007-06-05,https://en.wikichip.org/wiki/alchemy/au1250-500mgd,Embedded,1.3,1,,alchemy au1250-500mgd
alchemy au1250-500mgf,2007-06-05,https://en.wikichip.org/wiki/alchemy/au1250-500mgf,Embedded,1.4,1,,alchemy au1250-500mgf
alchemy au1250-600mgd,2007-06-05,https://en.wikichip.org/wiki/alchemy/au1250-600mgd,Embedded,1.4,1,,alchemy au1250-600mgd
alchemy au1550-333mbc,2004-05-01,https://en.wikichip.org/wiki/alchemy/au1550-333mbc,Embedded,1.35,1,,alchemy au1550-333mbc
alchemy au1550-333mbd,2004-05-01,https://en.wikichip.org/wiki/alchemy/au1550-333mbd,Embedded,1.35,1,,alchemy au1550-333mbd
alchemy au1550-333mbf,2004-05-01,https://en.wikichip.org/wiki/alchemy/au1550-333mbf,Embedded,1.35,1,,alchemy au1550-333mbf
alchemy au1550-333mbi,2004-05-01,https://en.wikichip.org/wiki/alchemy/au1550-333mbi,Embedded,1.35,1,,alchemy au1550-333mbi
alchemy au1550-400mbc,2004-05-01,https://en.wikichip.org/wiki/alchemy/au1550-400mbc,Embedded,1.46,1,,alchemy au1550-400mbc
alchemy au1550-400mbd,2004-05-01,https://en.wikichip.org/wiki/alchemy/au1550-400mbd,Embedded,1.46,1,,alchemy au1550-400mbd
alchemy au1550-500mbc,2004-05-01,https://en.wikichip.org/wiki/alchemy/au1550-500mbc,Embedded,1.44,1,,alchemy au1550-500mbc
alchemy au1550-500mbd,2004-05-01,https://en.wikichip.org/wiki/alchemy/au1550-500mbd,Embedded,1.44,1,,alchemy au1550-500mbd
amd amd-k6-iiie400acr,2000-09-25,https://en.wikichip.org/wiki/amd/k6-iii%2B/amd-k6-iiie%2B-400acr,Embedded,9.5,1,1.0,amd amd-k6-iiie400acr
amd amd-k6-iiie400atz,2000-09-25,https://en.wikichip.org/wiki/amd/k6-iii%2B/amd-k6-iiie%2B-400atz,Embedded,9.5,1,1.0,amd amd-k6-iiie400atz
amd amd-k6-iiie400icr,2000-09-25,https://en.wikichip.org/wiki/amd/k6-iii%2B/amd-k6-iiie%2B-400icr,Embedded,9.5,1,1.0,amd amd-k6-iiie400icr
amd amd-k6-iiie400itz,2000-09-25,https://en.wikichip.org/wiki/amd/k6-iii%2B/amd-k6-iiie%2B-400itz,Embedded,9.5,1,1.0,amd amd-k6-iiie400itz
amd amd-k6-iiie450acr,2000-09-25,https://en.wikichip.org/wiki/amd/k6-iii%2B/amd-k6-iiie%2B-450acr,Embedded,12.0,1,1.0,amd amd-k6-iiie450acr
amd amd-k6-iiie450apz,2000-09-25,https://en.wikichip.org/wiki/amd/k6-iii%2B/amd-k6-iiie%2B-450apz,Embedded,12.0,1,1.0,amd amd-k6-iiie450apz
amd amd-k6-iiie500acr,2000-09-25,https://en.wikichip.org/wiki/amd/k6-iii%2B/amd-k6-iiie%2B-500acr,Embedded,14.5,1,1.0,amd amd-k6-iiie500acr
amd amd-k6-iiie500anz,2000-09-25,https://en.wikichip.org/wiki/amd/k6-iii%2B/amd-k6-iiie%2B-500anz,Embedded,14.5,1,1.0,amd amd-k6-iiie500anz
amd amd-k6-iiie550acr,2000-09-25,https://en.wikichip.org/wiki/amd/k6-iii%2B/amd-k6-iiie%2B-550acr,Embedded,17.0,1,1.0,amd amd-k6-iiie550acr
amd athlon mp 1000,2001-06-05,https://en.wikichip.org/wiki/amd/athlon_mp/ahx1000ams3c,Server,46.1,1,1.0,amd athlon mp 1000
amd athlon mp 1200,2001-06-05,https://en.wikichip.org/wiki/amd/athlon_mp/ahx1200ams3c,Server,54.7,1,1.0,amd athlon mp 1200
amd athlon mp 1500,2001-10-15,https://en.wikichip.org/wiki/amd/athlon_mp/amp1500dms3c,Server,60.0,1,1.0,amd athlon mp 1500
amd athlon mp 1600,2001-10-15,https://en.wikichip.org/wiki/amd/athlon_mp/amp1600dms3c,Server,62.8,1,1.0,amd athlon mp 1600
amd athlon mp 1800,2001-10-15,https://en.wikichip.org/wiki/amd/athlon_mp/amp1800dms3c,Server,66.0,1,1.0,amd athlon mp 1800
amd athlon mp 1900,2001-12-12,https://en.wikichip.org/wiki/amd/athlon_mp/amp1900dms3c,Server,66.0,1,1.0,amd athlon mp 1900
amd athlon mp 2000,2002-03-13,https://en.wikichip.org/wiki/amd/athlon_mp/amp2000dms3c,Server,66.0,1,1.0,amd athlon mp 2000
amd athlon mp 2100,2002-06-19,https://en.wikichip.org/wiki/amd/athlon_mp/amp2100dms3c,Server,66.0,1,1.0,amd athlon mp 2100
amd athlon mp 2200,2002-08-27,https://en.wikichip.org/wiki/amd/athlon_mp/amsn2200dkt3c,Server,60.0,1,1.0,amd athlon mp 2200
amd athlon mp 2400,2002-12-10,https://en.wikichip.org/wiki/amd/athlon_mp/amsn2400dkt3c,Server,60.0,1,1.0,amd athlon mp 2400
amd athlon mp 2600,2003-05-06,https://en.wikichip.org/wiki/amd/athlon_mp/amsn2600dut4c,Server,60.0,1,1.0,amd athlon mp 2600
amd athlon mp 2800,2003-05-06,https://en.wikichip.org/wiki/amd/athlon_mp/amsn2800dut4c,Server,60.0,1,1.0,amd athlon mp 2800
amd athlon pro 300u,2019-04-08,https://en.wikichip.org/wiki/amd/athlon/pro_300u,Mobile,15.0,2,4.0,amd athlon pro 300u
amd athlon xp-m 1000,,https://en.wikichip.org/wiki/amd/athlon_xp-m/axml1000gts3b,Mobile,16.0,1,1.0,amd athlon xp-m 1000
amd athlon xp-m 1200,,https://en.wikichip.org/wiki/amd/athlon_xp-m/axml1200gts3b,Mobile,16.0,1,1.0,amd athlon xp-m 1200
amd athlon xp-m 1300,,https://en.wikichip.org/wiki/amd/athlon_xp-m/axml1300gcs3b,Mobile,16.0,1,1.0,amd athlon xp-m 1300
amd athlon xp-m 1400,2003-03-12,https://en.wikichip.org/wiki/amd/athlon_xp-m/axms1400gws3c,Mobile,25.0,1,1.0,amd athlon xp-m 1400
amd athlon xp-m 1500,2003-03-12,https://en.wikichip.org/wiki/amd/athlon_xp-m/axms1500gxs3b,Mobile,25.0,1,1.0,amd athlon xp-m 1500
amd athlon xp-m 1600,2003-03-12,https://en.wikichip.org/wiki/amd/athlon_xp-m/axms1600gxs3c,Mobile,25.0,1,1.0,amd athlon xp-m 1600
amd athlon xp-m 1700,2003-03-12,https://en.wikichip.org/wiki/amd/athlon_xp-m/axms1700gxs3c,Mobile,25.0,1,1.0,amd athlon xp-m 1700
amd athlon xp-m 1800,,https://en.wikichip.org/wiki/amd/athlon_xp-m/axms1800gxs4c,Mobile,25.0,1,1.0,amd athlon xp-m 1800
amd athlon xp-m 1900,2003-06-17,https://en.wikichip.org/wiki/amd/athlon_xp-m/axmd1900gjq3c,Mobile,35.0,1,1.0,amd athlon xp-m 1900
amd athlon xp-m 2000,2003-06-17,https://en.wikichip.org/wiki/amd/athlon_xp-m/axmd2000gjq3c,Mobile,35.0,1,1.0,amd athlon xp-m 2000
amd athlon xp-m 2100,2004-03-17,https://en.wikichip.org/wiki/amd/athlon_xp-m/axms2100gxs4b,Mobile,25.0,1,1.0,amd athlon xp-m 2100
amd athlon xp-m 2200,2004-07-19,https://en.wikichip.org/wiki/amd/athlon_xp-m/axmd2200gjq4c,Mobile,35.0,1,1.0,amd athlon xp-m 2200
amd athlon xp-m 2400,,https://en.wikichip.org/wiki/amd/athlon_xp-m/axmd2400gjq4c,Mobile,35.0,1,1.0,amd athlon xp-m 2400
amd athlon xp-m 2600,,https://en.wikichip.org/wiki/amd/athlon_xp-m/axmd2600gjq4d,Mobile,35.0,1,1.0,amd athlon xp-m 2600
amd athlon xp-m 950,,https://en.wikichip.org/wiki/amd/athlon_xp-m/axml0950gts3b,Mobile,16.0,1,1.0,amd athlon xp-m 950
intel atom 230,2008-06-03,https://en.wikichip.org/wiki/intel/atom/230,Mobile,4.0,1,2.0,intel atom 230
intel atom 330,2008-09-21,https://en.wikichip.org/wiki/intel/atom/330,Mobile,8.0,2,4.0,intel atom 330
intel atom n270,2008-06-03,https://en.wikichip.org/wiki/intel/atom/n270,Mobile,2.5,1,2.0,intel atom n270
intel atom n280,2009-02-07,https://en.wikichip.org/wiki/intel/atom/n280,Mobile,2.5,1,2.0,intel atom n280
intel atom z500,2008-04-02,https://en.wikichip.org/wiki/intel/atom/z500,Mobile,0.65,1,2.0,intel atom z500
intel atom z510,2008-04-02,https://en.wikichip.org/wiki/intel/atom/z510,Mobile,2.0,1,1.0,intel atom z510
intel atom z510p,2009-03-02,https://en.wikichip.org/wiki/intel/atom/z510p,Mobile,2.0,1,2.0,intel atom z510p
intel atom z510pt,2009-03-02,https://en.wikichip.org/wiki/intel/atom/z510pt,Mobile,2.0,1,2.0,intel atom z510pt
intel atom z515,2009-04-08,https://en.wikichip.org/wiki/intel/atom/z515,Mobile,0.65,1,2.0,intel atom z515
intel atom z520,2008-04-02,https://en.wikichip.org/wiki/intel/atom/z520,Mobile,2.0,1,2.0,intel atom z520
intel atom z520pt,2009-03-02,https://en.wikichip.org/wiki/intel/atom/z520pt,Mobile,2.0,1,2.0,intel atom z520pt
intel atom z530,2008-04-02,https://en.wikichip.org/wiki/intel/atom/z530,Mobile,2.2,1,2.0,intel atom z530
intel atom z530p,2009-03-02,https://en.wikichip.org/wiki/intel/atom/z530p,Mobile,2.0,1,2.0,intel atom z530p
intel atom z540,2008-04-02,https://en.wikichip.org/wiki/intel/atom/z540,Mobile,2.4,1,2.0,intel atom z540
intel atom z550,2009-04-08,https://en.wikichip.org/wiki/intel/atom/z550,Mobile,2.4,1,2.0,intel atom z550
intel atom z560,2010-06-01,https://en.wikichip.org/wiki/intel/atom/z560,Mobile,2.5,1,2.0,intel atom z560
intel atom z600,2010-05-04,https://en.wikichip.org/wiki/intel/atom/z600,Mobile,1.3,1,2.0,intel atom z600
intel atom z605,2010-05-04,https://en.wikichip.org/wiki/intel/atom/z605,Mobile,2.2,1,2.0,intel atom z605
intel atom z610,2010-05-04,https://en.wikichip.org/wiki/intel/atom/z610,Mobile,1.3,1,2.0,intel atom z610
intel atom z612,2010-05-04,https://en.wikichip.org/wiki/intel/atom/z612,Mobile,1.3,1,2.0,intel atom z612
intel atom z615,2010-05-04,https://en.wikichip.org/wiki/intel/atom/z615,Mobile,2.2,1,2.0,intel atom z615
intel atom z620,2010-05-04,https://en.wikichip.org/wiki/intel/atom/z620,Mobile,1.3,1,2.0,intel atom z620
intel atom z625,2010-05-04,https://en.wikichip.org/wiki/intel/atom/z625,Mobile,2.2,1,2.0,intel atom z625
intel atom z650,2011-04-11,https://en.wikichip.org/wiki/intel/atom/z650,Mobile,3.0,1,2.0,intel atom z650
intel atom z670,2011-04-11,https://en.wikichip.org/wiki/intel/atom/z670,Mobile,3.0,1,2.0,intel atom z670
baikal electronics baikal-t1,2016-02-01,https://en.wikichip.org/wiki/baikal/baikal-t1,Embedded,5.0,2,2.0,baikal electronics baikal-t1
intel celeron 787,2011-07-01,https://en.wikichip.org/wiki/intel/celeron/787,Mobile,17.0,1,1.0,intel celeron 787
intel celeron 797,2012-01-01,https://en.wikichip.org/wiki/intel/celeron/797,Mobile,17.0,1,1.0,intel celeron 797
intel celeron 807,2012-07-01,https://en.wikichip.org/wiki/intel/celeron/807,Mobile,17.0,1,2.0,intel celeron 807
intel celeron 807ue,2012-07-01,https://en.wikichip.org/wiki/intel/celeron/807ue,Embedded,10.0,1,1.0,intel celeron 807ue
intel celeron 817,2012-01-01,https://en.wikichip.org/wiki/intel/celeron/817,Mobile,17.0,2,2.0,intel celeron 817
intel celeron 827,2012-01-01,https://en.wikichip.org/wiki/intel/celeron/827,Mobile,17.0,1,1.0,intel celeron 827
intel celeron 827e,2011-07-01,https://en.wikichip.org/wiki/intel/celeron/827e,Embedded,17.0,1,1.0,intel celeron 827e
intel celeron 837,2012-01-01,https://en.wikichip.org/wiki/intel/celeron/837,Mobile,17.0,2,2.0,intel celeron 837
intel celeron 847,2011-06-01,https://en.wikichip.org/wiki/intel/celeron/847,Mobile,17.0,2,2.0,intel celeron 847
intel celeron 847e,2011-06-01,https://en.wikichip.org/wiki/intel/celeron/847e,Embedded,17.0,2,2.0,intel celeron 847e
intel celeron 857,2011-07-01,https://en.wikichip.org/wiki/intel/celeron/857,Mobile,17.0,2,2.0,intel celeron 857
intel celeron 867,2012-01-01,https://en.wikichip.org/wiki/intel/celeron/867,Mobile,17.0,2,2.0,intel celeron 867
intel celeron 877,2012-07-01,https://en.wikichip.org/wiki/intel/celeron/877,Mobile,17.0,2,2.0,intel celeron 877
intel celeron 887,2012-09-01,https://en.wikichip.org/wiki/intel/celeron/887,Mobile,17.0,2,2.0,intel celeron 887
intel celeron 887e,2012-09-01,https://en.wikichip.org/wiki/intel/celeron/887e,Embedded,17.0,2,2.0,intel celeron 887e
intel celeron 897,2012-01-01,https://en.wikichip.org/wiki/intel/celeron/897,Mobile,17.0,2,2.0,intel celeron 897
intel celeron b710,2011-06-01,https://en.wikichip.org/wiki/intel/celeron/b710,Mobile,35.0,1,1.0,intel celeron b710
intel celeron b720,2012-01-01,https://en.wikichip.org/wiki/intel/celeron/b720,Mobile,35.0,1,1.0,intel celeron b720
intel celeron b730,2012-07-01,https://en.wikichip.org/wiki/intel/celeron/b730,Mobile,35.0,1,2.0,intel celeron b730
intel celeron b800,2011-06-01,https://en.wikichip.org/wiki/intel/celeron/b800,Mobile,35.0,2,2.0,intel celeron b800
intel celeron b810,2011-03-14,https://en.wikichip.org/wiki/intel/celeron/b810,Mobile,35.0,2,2.0,intel celeron b810
intel celeron b810e,2011-06-01,https://en.wikichip.org/wiki/intel/celeron/b810e,Embedded,35.0,2,2.0,intel celeron b810e
intel celeron b815,2012-01-01,https://en.wikichip.org/wiki/intel/celeron/b815,Mobile,35.0,2,2.0,intel celeron b815
intel celeron b820,2012-07-01,https://en.wikichip.org/wiki/intel/celeron/b820,Mobile,35.0,2,2.0,intel celeron b820
intel celeron b830,2011-07-01,https://en.wikichip.org/wiki/intel/celeron/b830,Mobile,35.0,2,2.0,intel celeron b830
intel celeron b840,2011-07-01,https://en.wikichip.org/wiki/intel/celeron/b840,Mobile,35.0,2,2.0,intel celeron b840
intel celeron b860e,2012-01-01,https://en.wikichip.org/wiki/intel/celeron/b860e,Embedded,35.0,2,2.0,intel celeron b860e
intel celeron p4500,2010-03-28,https://en.wikichip.org/wiki/intel/celeron/p4500,Mobile; Embedded,35.0,2,2.0,intel celeron p4500
intel celeron p4505,2010-03-28,https://en.wikichip.org/wiki/intel/celeron/p4505,Mobile; Embedded,35.0,2,2.0,intel celeron p4505
intel celeron p4600,2010-03-28,https://en.wikichip.org/wiki/intel/celeron/p4600,Mobile,35.0,2,2.0,intel celeron p4600
intel celeron u3400,2010-05-24,https://en.wikichip.org/wiki/intel/celeron/u3400,Mobile,18.0,2,2.0,intel celeron u3400
intel celeron u3405,2010-08-15,https://en.wikichip.org/wiki/intel/celeron/u3405,Mobile; Embedded,18.0,2,2.0,intel celeron u3405
intel celeron u3600,2011-01-11,https://en.wikichip.org/wiki/intel/celeron/u3600,Mobile,18.0,2,2.0,intel celeron u3600
intel core i3-1000g1,2019-08-01,https://en.wikichip.org/wiki/intel/core_i3/i3-1000g1,Mobile,9.0,2,4.0,intel core i3-1000g1
intel core i3-1000g4,2019-08-01,https://en.wikichip.org/wiki/intel/core_i3/i3-1000g4,Mobile,9.0,2,4.0,intel core i3-1000g4
intel core i3-2308m,2011-02-01,https://en.wikichip.org/wiki/intel/core_i3/i3-2308m,Mobile,35.0,2,4.0,intel core i3-2308m
intel core i3-2310e,2011-02-01,https://en.wikichip.org/wiki/intel/core_i3/i3-2310e,Embedded,35.0,2,4.0,intel core i3-2310e
intel core i3-2310m,2011-02-01,https://en.wikichip.org/wiki/intel/core_i3/i3-2310m,Mobile,35.0,2,4.0,intel core i3-2310m
intel core i3-2312m,2011-06-01,https://en.wikichip.org/wiki/intel/core_i3/i3-2312m,Mobile,35.0,2,4.0,intel core i3-2312m
intel core i3-2328m,2012-09-01,https://en.wikichip.org/wiki/intel/core_i3/i3-2328m,Mobile,35.0,2,4.0,intel core i3-2328m
intel core i3-2330e,2011-06-01,https://en.wikichip.org/wiki/intel/core_i3/i3-2330e,Embedded,35.0,2,4.0,intel core i3-2330e
intel core i3-2330m,2011-06-01,https://en.wikichip.org/wiki/intel/core_i3/i3-2330m,Mobile,35.0,2,4.0,intel core i3-2330m
intel core i3-2332m,2011-09-01,https://en.wikichip.org/wiki/intel/core_i3/i3-2332m,Mobile,35.0,2,4.0,intel core i3-2332m
intel core i3-2340ue,2011-06-01,https://en.wikichip.org/wiki/intel/core_i3/i3-2340ue,Embedded,17.0,2,4.0,intel core i3-2340ue
intel core i3-2348m,2013-01-01,https://en.wikichip.org/wiki/intel/core_i3/i3-2348m,Mobile,35.0,2,4.0,intel core i3-2348m
intel core i3-2350lm,2011-10-01,https://en.wikichip.org/wiki/intel/core_i3/i3-2350lm,Mobile,17.0,2,4.0,intel core i3-2350lm
intel core i3-2350m,2011-10-01,https://en.wikichip.org/wiki/intel/core_i3/i3-2350m,Mobile,35.0,2,4.0,intel core i3-2350m
intel core i3-2355m,2012-01-01,https://en.wikichip.org/wiki/intel/core_i3/i3-2355m,Mobile,17.0,2,4.0,intel core i3-2355m
intel core i3-2357m,2011-06-01,https://en.wikichip.org/wiki/intel/core_i3/i3-2357m,Mobile,17.0,2,4.0,intel core i3-2357m
intel core i3-2365m,2012-09-01,https://en.wikichip.org/wiki/intel/core_i3/i3-2365m,Mobile,17.0,2,4.0,intel core i3-2365m
intel core i3-2367m,2011-10-01,https://en.wikichip.org/wiki/intel/core_i3/i3-2367m,Mobile,17.0,2,4.0,intel core i3-2367m
intel core i3-2370lm,2012-01-01,https://en.wikichip.org/wiki/intel/core_i3/i3-2370lm,Mobile,17.0,2,4.0,intel core i3-2370lm
intel core i3-2370m,2012-01-01,https://en.wikichip.org/wiki/intel/core_i3/i3-2370m,Mobile,35.0,2,4.0,intel core i3-2370m
intel core i3-2375m,2013-01-01,https://en.wikichip.org/wiki/intel/core_i3/i3-2375m,Mobile,17.0,2,4.0,intel core i3-2375m
intel core i3-2377m,2012-09-01,https://en.wikichip.org/wiki/intel/core_i3/i3-2377m,Mobile,17.0,2,4.0,intel core i3-2377m
intel core i3-2390m,2012-01-01,https://en.wikichip.org/wiki/intel/core_i3/i3-2390m,Mobile,35.0,2,4.0,intel core i3-2390m
intel core i3-2393m,2011-08-14,https://en.wikichip.org/wiki/intel/core_i3/i3-2393m,Mobile,35.0,2,4.0,intel core i3-2393m
intel core i3-2394m,2011-10-01,https://en.wikichip.org/wiki/intel/core_i3/i3-2394m,Mobile,35.0,2,4.0,intel core i3-2394m
intel core i3-2395m,2012-01-01,https://en.wikichip.org/wiki/intel/core_i3/i3-2395m,Mobile,35.0,2,4.0,intel core i3-2395m
intel core i3-2397m,2012-01-01,https://en.wikichip.org/wiki/intel/core_i3/i3-2397m,Mobile,17.0,2,4.0,intel core i3-2397m
intel core i3-330e,2010-01-07,https://en.wikichip.org/wiki/intel/core_i3/i3-330e,Mobile; Embedded,35.0,2,4.0,intel core i3-330e
intel core i3-330m,2010-01-07,https://en.wikichip.org/wiki/intel/core_i3/i3-330m,Mobile,35.0,2,4.0,intel core i3-330m
intel core i3-330um,2010-05-24,https://en.wikichip.org/wiki/intel/core_i3/i3-330um,Mobile,18.0,2,4.0,intel core i3-330um
intel core i3-350m,2010-01-07,https://en.wikichip.org/wiki/intel/core_i3/i3-350m,Mobile,35.0,2,4.0,intel core i3-350m
intel core i3-370m,2010-06-22,https://en.wikichip.org/wiki/intel/core_i3/i3-370m,Mobile,35.0,2,4.0,intel core i3-370m
intel core i3-380m,2010-09-26,https://en.wikichip.org/wiki/intel/core_i3/i3-380m,Mobile,35.0,2,4.0,intel core i3-380m
intel core i3-380um,2010-10-01,https://en.wikichip.org/wiki/intel/core_i3/i3-380um,Mobile,18.0,2,4.0,intel core i3-380um
intel core i3-390m,2011-01-11,https://en.wikichip.org/wiki/intel/core_i3/i3-390m,Mobile,35.0,2,4.0,intel core i3-390m
intel core i3-6120t,,https://en.wikichip.org/wiki/intel/core_i3/6120t,Desktop,35.0,2,4.0,intel core i3-6120t
intel core i3-6320t,,https://en.wikichip.org/wiki/intel/core_i3/6320t,Desktop,35.0,2,4.0,intel core i3-6320t
intel core i3-7007u,,https://en.wikichip.org/wiki/intel/core_i3/i3-7007u,Mobile; Embedded,15.0,2,4.0,intel core i3-7007u
intel core i3-7110u,,https://en.wikichip.org/wiki/intel/core_i3/i3-7110u,Mobile; Embedded,15.0,2,4.0,intel core i3-7110u
intel core i3-7120,,https://en.wikichip.org/wiki/intel/core_i3/i3-7120,Desktop,51.0,2,4.0,intel core i3-7120
intel core i3-7120t,,https://en.wikichip.org/wiki/intel/core_i3/i3-7120t,Desktop,35.0,2,4.0,intel core i3-7120t
intel core i3-7310t,2017-01-01,https://en.wikichip.org/wiki/intel/core_i3/i3-7310t,Desktop,35.0,2,4.0,intel core i3-7310t
intel core i3-7310u,,https://en.wikichip.org/wiki/intel/core_i3/i3-7310u,Mobile,15.0,2,4.0,intel core i3-7310u
intel core i3-7320t,,https://en.wikichip.org/wiki/intel/core_i3/i3-7320t,Desktop,35.0,2,4.0,intel core i3-7320t
intel core i3-7340,,https://en.wikichip.org/wiki/intel/core_i3/i3-7340,Desktop,51.0,2,4.0,intel core i3-7340
intel core i3-8000,2018-03-01,https://en.wikichip.org/wiki/intel/core_i3/i3-8000,Desktop,65.0,4,4.0,intel core i3-8000
intel core i3-8000t,2018-03-01,https://en.wikichip.org/wiki/intel/core_i3/i3-8000t,Desktop,35.0,4,4.0,intel core i3-8000t
intel core i3-8020,,https://en.wikichip.org/wiki/intel/core_i3/i3-8020,Desktop,51.0,4,4.0,intel core i3-8020
intel core i3-8020t,,https://en.wikichip.org/wiki/intel/core_i3/i3-8020t,Desktop,35.0,4,4.0,intel core i3-8020t
intel core i3-8100f,2019-01-07,https://en.wikichip.org/wiki/intel/core_i3/i3-8100f,Desktop,65.0,4,4.0,intel core i3-8100f
intel core i3-8120,,https://en.wikichip.org/wiki/intel/core_i3/i3-8120,Desktop,51.0,4,4.0,intel core i3-8120
intel core i3-8120t,,https://en.wikichip.org/wiki/intel/core_i3/i3-8120t,Desktop,35.0,4,4.0,intel core i3-8120t
intel core i3-8121u,2018-05-15,https://en.wikichip.org/wiki/intel/core_i3/i3-8121u,Mobile,15.0,2,4.0,intel core i3-8121u
intel core i3-8320,,https://en.wikichip.org/wiki/intel/core_i3/i3-8320,Desktop,51.0,4,4.0,intel core i3-8320
intel core i3-8320t,,https://en.wikichip.org/wiki/intel/core_i3/i3-8320t,Desktop,35.0,4,4.0,intel core i3-8320t
intel core i3-9000,,https://en.wikichip.org/wiki/intel/core_i3/i3-9000,Desktop,65.0,4,4.0,intel core i3-9000
intel core i3-9000t,,https://en.wikichip.org/wiki/intel/core_i3/i3-9000t,Desktop,35.0,4,4.0,intel core i3-9000t
intel core i5-1030g4,2019-08-01,https://en.wikichip.org/wiki/intel/core_i5/i5-1030g4,Mobile,9.0,4,8.0,intel core i5-1030g4
intel core i5-1030g7,2019-08-01,https://en.wikichip.org/wiki/intel/core_i5/i5-1030g7,Mobile,9.0,4,8.0,intel core i5-1030g7
intel core i5-2410m,2011-02-01,https://en.wikichip.org/wiki/intel/core_i5/i5-2410m,Mobile,35.0,2,4.0,intel core i5-2410m
intel core i5-2415m,2011-02-01,https://en.wikichip.org/wiki/intel/core_i5/i5-2415m,Mobile,35.0,2,4.0,intel core i5-2415m
intel core i5-2430m,2011-10-01,https://en.wikichip.org/wiki/intel/core_i5/i5-2430m,Mobile,35.0,2,4.0,intel core i5-2430m
intel core i5-2435m,2011-10-01,https://en.wikichip.org/wiki/intel/core_i5/i5-2435m,Mobile,35.0,2,4.0,intel core i5-2435m
intel core i5-2450m,2012-01-01,https://en.wikichip.org/wiki/intel/core_i5/i5-2450m,Mobile,35.0,2,4.0,intel core i5-2450m
intel core i5-2467m,2011-06-01,https://en.wikichip.org/wiki/intel/core_i5/i5-2467m,Mobile,17.0,2,4.0,intel core i5-2467m
intel core i5-2475m,2012-01-01,https://en.wikichip.org/wiki/intel/core_i5/i5-2475m,Mobile,35.0,2,4.0,intel core i5-2475m
intel core i5-2477m,2011-06-01,https://en.wikichip.org/wiki/intel/core_i5/i5-2477m,Mobile,35.0,2,4.0,intel core i5-2477m
intel core i5-2487m,2012-01-01,https://en.wikichip.org/wiki/intel/core_i5/i5-2487m,Mobile,35.0,2,4.0,intel core i5-2487m
intel core i5-2490m,2011-10-01,https://en.wikichip.org/wiki/intel/core_i5/i5-2490m,Mobile,35.0,2,4.0,intel core i5-2490m
intel core i5-2497m,2011-06-01,https://en.wikichip.org/wiki/intel/core_i5/i5-2497m,Mobile,35.0,2,4.0,intel core i5-2497m
intel core i5-2510e,2011-02-01,https://en.wikichip.org/wiki/intel/core_i5/i5-2510e,Embedded,35.0,2,4.0,intel core i5-2510e
intel core i5-2515e,2011-02-01,https://en.wikichip.org/wiki/intel/core_i5/i5-2515e,Embedded,35.0,2,4.0,intel core i5-2515e
intel core i5-2520m,2011-02-01,https://en.wikichip.org/wiki/intel/core_i5/i5-2520m,Mobile,35.0,2,4.0,intel core i5-2520m
intel core i5-2537m,2011-02-01,https://en.wikichip.org/wiki/intel/core_i5/i5-2537m,Mobile,17.0,2,4.0,intel core i5-2537m
intel core i5-2540lm,2011-02-01,https://en.wikichip.org/wiki/intel/core_i5/i5-2540lm,Mobile,35.0,2,4.0,intel core i5-2540lm
intel core i5-2540m,2011-02-01,https://en.wikichip.org/wiki/intel/core_i5/i5-2540m,Mobile,35.0,2,4.0,intel core i5-2540m
intel core i5-2547m,2011-06-01,https://en.wikichip.org/wiki/intel/core_i5/i5-2547m,Mobile,35.0,2,4.0,intel core i5-2547m
intel core i5-2557m,2011-06-01,https://en.wikichip.org/wiki/intel/core_i5/i5-2557m,Mobile,17.0,2,4.0,intel core i5-2557m
intel core i5-2560lm,2011-10-01,https://en.wikichip.org/wiki/intel/core_i5/i5-2560lm,Mobile,35.0,2,4.0,intel core i5-2560lm
intel core i5-2560m,2011-10-01,https://en.wikichip.org/wiki/intel/core_i5/i5-2560m,Mobile,35.0,2,4.0,intel core i5-2560m
intel core i5-2580m,2012-01-01,https://en.wikichip.org/wiki/intel/core_i5/i5-2580m,Mobile,35.0,2,4.0,intel core i5-2580m
intel core i5-430m,2010-01-07,https://en.wikichip.org/wiki/intel/core_i5/i5-430m,Mobile,35.0,2,4.0,intel core i5-430m
intel core i5-430um,2010-06-20,https://en.wikichip.org/wiki/intel/core_i5/i5-430um,Mobile,18.0,2,4.0,intel core i5-430um
intel core i5-450m,2010-06-20,https://en.wikichip.org/wiki/intel/core_i5/i5-450m,Mobile,35.0,2,4.0,intel core i5-450m
intel core i5-460m,2010-09-26,https://en.wikichip.org/wiki/intel/core_i5/i5-460m,Mobile,35.0,2,4.0,intel core i5-460m
intel core i5-470um,2010-10-01,https://en.wikichip.org/wiki/intel/core_i5/i5-470um,Mobile,18.0,2,4.0,intel core i5-470um
intel core i5-480m,2011-01-11,https://en.wikichip.org/wiki/intel/core_i5/i5-480m,Mobile,35.0,2,4.0,intel core i5-480m
intel core i5-520e,2010-01-07,https://en.wikichip.org/wiki/intel/core_i5/i5-520e,Embedded,35.0,2,4.0,intel core i5-520e
intel core i5-520m,2010-01-07,https://en.wikichip.org/wiki/intel/core_i5/i5-520m,Mobile; Embedded,35.0,2,4.0,intel core i5-520m
intel core i5-520um,2010-01-07,https://en.wikichip.org/wiki/intel/core_i5/i5-520um,Mobile,18.0,2,4.0,intel core i5-520um
intel core i5-540m,2010-01-07,https://en.wikichip.org/wiki/intel/core_i5/i5-540m,Mobile,35.0,2,4.0,intel core i5-540m
intel core i5-540um,2010-05-24,https://en.wikichip.org/wiki/intel/core_i5/i5-540um,Mobile,18.0,2,4.0,intel core i5-540um
intel core i5-560m,2010-09-26,https://en.wikichip.org/wiki/intel/core_i5/i5-560m,Mobile,35.0,2,4.0,intel core i5-560m
intel core i5-560um,2010-09-26,https://en.wikichip.org/wiki/intel/core_i5/i5-560um,Mobile,18.0,2,4.0,intel core i5-560um
intel core i5-580m,2010-09-26,https://en.wikichip.org/wiki/intel/core_i5/i5-580m,Mobile,35.0,2,4.0,intel core i5-580m
intel core i5-6198du,2015-12-27,https://en.wikichip.org/wiki/intel/core_i5/i5-6198du,Mobile,15.0,2,4.0,intel core i5-6198du
intel core i5-7210u,,https://en.wikichip.org/wiki/intel/core_i5/i5-7210u,Mobile,15.0,2,4.0,intel core i5-7210u
intel core i5-7640x,2017-06-26,https://en.wikichip.org/wiki/intel/core_i5/i5-7640x,Desktop,112.0,4,4.0,intel core i5-7640x
intel core i5-8305g,2018-01-07,https://en.wikichip.org/wiki/intel/core_i5/i5-8305g,Mobile,65.0,4,8.0,intel core i5-8305g
intel core i5-8310y,2019-04-04,https://en.wikichip.org/wiki/intel/core_i5/i5-8310y,Mobile,7.0,2,4.0,intel core i5-8310y
intel core i5-8420,,https://en.wikichip.org/wiki/intel/core_i5/i5-8420,Desktop,65.0,6,6.0,intel core i5-8420
intel core i5-8420t,,https://en.wikichip.org/wiki/intel/core_i5/i5-8420t,Desktop,35.0,6,6.0,intel core i5-8420t
intel core i5-8550,,https://en.wikichip.org/wiki/intel/core_i5/i5-8550,Desktop,65.0,6,6.0,intel core i5-8550
intel core i5-8650,,https://en.wikichip.org/wiki/intel/core_i5/i5-8650,Desktop,65.0,6,6.0,intel core i5-8650
intel core i7-1060g7,2019-08-01,https://en.wikichip.org/wiki/intel/core_i7/i7-1060g7,Mobile,9.0,4,8.0,intel core i7-1060g7
intel core i7-1068g7,,https://en.wikichip.org/wiki/intel/core_i7/i7-1068g7,Mobile,28.0,4,8.0,intel core i7-1068g7
intel core i7-2535qm,2011-01-01,https://en.wikichip.org/wiki/intel/core_i7/i7-2535qm,Mobile,35.0,4,8.0,intel core i7-2535qm
intel core i7-2570qm,2011-01-01,https://en.wikichip.org/wiki/intel/core_i7/i7-2570qm,Mobile,35.0,4,8.0,intel core i7-2570qm
intel core i7-2610ue,2011-02-01,https://en.wikichip.org/wiki/intel/core_i7/i7-2610ue,Embedded,17.0,2,4.0,intel core i7-2610ue
intel core i7-2617m,2011-02-01,https://en.wikichip.org/wiki/intel/core_i7/i7-2617m,Mobile,17.0,2,4.0,intel core i7-2617m
intel core i7-2620m,2011-02-01,https://en.wikichip.org/wiki/intel/core_i7/i7-2620m,Mobile,35.0,2,4.0,intel core i7-2620m
intel core i7-2627m,2011-01-01,https://en.wikichip.org/wiki/intel/core_i7/i7-2627m,Mobile,35.0,2,4.0,intel core i7-2627m
intel core i7-2629m,2011-02-01,https://en.wikichip.org/wiki/intel/core_i7/i7-2629m,Mobile,25.0,2,4.0,intel core i7-2629m
intel core i7-2630qm,2011-01-01,https://en.wikichip.org/wiki/intel/core_i7/i7-2630qm,Mobile,45.0,4,8.0,intel core i7-2630qm
intel core i7-2635qm,2011-01-01,https://en.wikichip.org/wiki/intel/core_i7/i7-2635qm,Mobile,45.0,4,8.0,intel core i7-2635qm
intel core i7-2637m,2011-06-01,https://en.wikichip.org/wiki/intel/core_i7/i7-2637m,Mobile,17.0,2,4.0,intel core i7-2637m
intel core i7-2640m,2011-09-04,https://en.wikichip.org/wiki/intel/core_i7/i7-2640m,Mobile,35.0,2,4.0,intel core i7-2640m
intel core i7-2649m,2011-02-01,https://en.wikichip.org/wiki/intel/core_i7/i7-2649m,Mobile,25.0,2,4.0,intel core i7-2649m
intel core i7-2655le,2011-02-01,https://en.wikichip.org/wiki/intel/core_i7/i7-2655le,Embedded,25.0,2,4.0,intel core i7-2655le
intel core i7-2655qm,2011-09-04,https://en.wikichip.org/wiki/intel/core_i7/i7-2655qm,Mobile,45.0,4,8.0,intel core i7-2655qm
intel core i7-2657m,2011-02-01,https://en.wikichip.org/wiki/intel/core_i7/i7-2657m,Mobile,17.0,2,4.0,intel core i7-2657m
intel core i7-2660m,2011-01-01,https://en.wikichip.org/wiki/intel/core_i7/i7-2660m,Mobile,35.0,2,4.0,intel core i7-2660m
intel core i7-2667m,2011-01-01,https://en.wikichip.org/wiki/intel/core_i7/i7-2667m,Mobile,35.0,2,4.0,intel core i7-2667m
intel core i7-2669m,2011-01-01,https://en.wikichip.org/wiki/intel/core_i7/i7-2669m,Mobile,35.0,2,4.0,intel core i7-2669m
intel core i7-2670qm,2011-09-04,https://en.wikichip.org/wiki/intel/core_i7/i7-2670qm,Mobile,45.0,4,8.0,intel core i7-2670qm
intel core i7-2675qm,2011-09-04,https://en.wikichip.org/wiki/intel/core_i7/i7-2675qm,Mobile,45.0,4,8.0,intel core i7-2675qm
intel core i7-2677m,2011-06-01,https://en.wikichip.org/wiki/intel/core_i7/i7-2677m,Mobile,17.0,2,4.0,intel core i7-2677m
intel core i7-2685qm,2011-01-01,https://en.wikichip.org/wiki/intel/core_i7/i7-2685qm,Mobile,35.0,4,8.0,intel core i7-2685qm
intel core i7-2689m,2011-01-01,https://en.wikichip.org/wiki/intel/core_i7/i7-2689m,Mobile,35.0,2,4.0,intel core i7-2689m
intel core i7-2710qe,2011-01-01,https://en.wikichip.org/wiki/intel/core_i7/i7-2710qe,Embedded,45.0,4,8.0,intel core i7-2710qe
intel core i7-2715qe,2011-01-01,https://en.wikichip.org/wiki/intel/core_i7/i7-2715qe,Embedded,45.0,4,8.0,intel core i7-2715qe
intel core i7-2720qm,2011-01-01,https://en.wikichip.org/wiki/intel/core_i7/i7-2720qm,Mobile,45.0,4,8.0,intel core i7-2720qm
intel core i7-2740qm,2011-09-04,https://en.wikichip.org/wiki/intel/core_i7/i7-2740qm,Mobile,45.0,4,8.0,intel core i7-2740qm
intel core i7-2760qm,2011-09-04,https://en.wikichip.org/wiki/intel/core_i7/i7-2760qm,Mobile,45.0,4,8.0,intel core i7-2760qm
intel core i7-2820qm,2011-01-01,https://en.wikichip.org/wiki/intel/core_i7/i7-2820qm,Mobile,45.0,4,8.0,intel core i7-2820qm
intel core i7-2840qm,2011-09-04,https://en.wikichip.org/wiki/intel/core_i7/i7-2840qm,Mobile,45.0,4,8.0,intel core i7-2840qm
intel core i7-2860qm,2011-09-04,https://en.wikichip.org/wiki/intel/core_i7/i7-2860qm,Mobile,45.0,4,8.0,intel core i7-2860qm
intel core i7-2920xm extreme edition,2011-01-09,https://en.wikichip.org/wiki/intel/core_i7ee/i7-2920xm,Mobile,55.0,4,8.0,intel core i7-2920xm extreme edition
intel core i7-2960xm extreme edition,2011-09-04,https://en.wikichip.org/wiki/intel/core_i7ee/i7-2960xm,Mobile,55.0,4,8.0,intel core i7-2960xm extreme edition
intel core i7-3770k,2012-04-23,https://en.wikichip.org/wiki/intel/core_i7/i7-3770k,Desktop,77.0,4,8.0,intel core i7-3770k
intel core i7-4850eq,2014-02-20,https://en.wikichip.org/wiki/intel/core_i7/i7-4850eq,Mobile,47.0,4,8.0,intel core i7-4850eq
intel core i7-4860eq,2014-02-20,https://en.wikichip.org/wiki/intel/core_i7/i7-4860eq,Mobile,47.0,4,8.0,intel core i7-4860eq
intel core i7-610e,2010-01-07,https://en.wikichip.org/wiki/intel/core_i7/i7-610e,Mobile; Embedded,35.0,2,4.0,intel core i7-610e
intel core i7-620le,2010-01-07,https://en.wikichip.org/wiki/intel/core_i7/i7-620le,Embedded,25.0,2,4.0,intel core i7-620le
intel core i7-620lm,2010-01-07,https://en.wikichip.org/wiki/intel/core_i7/i7-620lm,Mobile,25.0,2,4.0,intel core i7-620lm
intel core i7-620m,2010-01-07,https://en.wikichip.org/wiki/intel/core_i7/i7-620m,Mobile; Embedded,35.0,2,4.0,intel core i7-620m
intel core i7-620ue,2010-01-07,https://en.wikichip.org/wiki/intel/core_i7/i7-620ue,Embedded,18.0,2,4.0,intel core i7-620ue
intel core i7-620um,2010-01-07,https://en.wikichip.org/wiki/intel/core_i7/i7-620um,Mobile,18.0,2,4.0,intel core i7-620um
intel core i7-640lm,2010-01-07,https://en.wikichip.org/wiki/intel/core_i7/i7-640lm,Mobile,25.0,2,4.0,intel core i7-640lm
intel core i7-640m,2010-09-13,https://en.wikichip.org/wiki/intel/core_i7/i7-640m,Mobile,35.0,2,4.0,intel core i7-640m
intel core i7-640um,2010-01-07,https://en.wikichip.org/wiki/intel/core_i7/i7-640um,Mobile,18.0,2,4.0,intel core i7-640um
intel core i7-6498du,2015-09-27,https://en.wikichip.org/wiki/intel/core_i7/i7-6498du,Mobile,15.0,2,4.0,intel core i7-6498du
intel core i7-660lm,2010-09-13,https://en.wikichip.org/wiki/intel/core_i7/i7-660lm,Mobile,25.0,2,4.0,intel core i7-660lm
intel core i7-660ue,2010-08-15,https://en.wikichip.org/wiki/intel/core_i7/i7-660ue,Mobile; Embedded,18.0,2,4.0,intel core i7-660ue
intel core i7-660um,2010-01-07,https://en.wikichip.org/wiki/intel/core_i7/i7-660um,Mobile,18.0,2,4.0,intel core i7-660um
intel core i7-680um,2010-05-27,https://en.wikichip.org/wiki/intel/core_i7/i7-680um,Mobile,18.0,2,4.0,intel core i7-680um
intel core i7-720qm,2009-09-23,https://en.wikichip.org/wiki/intel/core_i7/i7-720qm,Mobile,45.0,4,8.0,intel core i7-720qm
intel core i7-740qm,2010-06-22,https://en.wikichip.org/wiki/intel/core_i7/i7-740qm,Mobile,45.0,4,8.0,intel core i7-740qm
intel core i7-7510u,,https://en.wikichip.org/wiki/intel/core_i7/i7-7510u,Mobile,15.0,2,4.0,intel core i7-7510u
intel core i7-7740x,2017-06-26,https://en.wikichip.org/wiki/intel/core_i7/i7-7740x,Desktop,112.0,4,8.0,intel core i7-7740x
intel core i7-7800x,2017-06-26,https://en.wikichip.org/wiki/intel/core_i7/i7-7800x,Desktop,140.0,6,12.0,intel core i7-7800x
intel core i7-7820x,2017-06-26,https://en.wikichip.org/wiki/intel/core_i7/i7-7820x,Desktop,140.0,8,16.0,intel core i7-7820x
intel core i7-820qm,2009-09-23,https://en.wikichip.org/wiki/intel/core_i7/i7-820qm,Mobile,45.0,4,8.0,intel core i7-820qm
intel core i7-840qm,2010-06-22,https://en.wikichip.org/wiki/intel/core_i7/i7-840qm,Mobile,45.0,4,8.0,intel core i7-840qm
intel core i7-8510y,2019-04-04,https://en.wikichip.org/wiki/intel/core_i7/i7-8510y,Mobile,7.0,2,4.0,intel core i7-8510y
intel core i7-8670,,https://en.wikichip.org/wiki/intel/core_i7/i7-8670,Desktop,65.0,6,12.0,intel core i7-8670
intel core i7-8670t,,https://en.wikichip.org/wiki/intel/core_i7/i7-8670t,Desktop,35.0,6,12.0,intel core i7-8670t
intel core i7-8705g,2018-01-07,https://en.wikichip.org/wiki/intel/core_i7/i7-8705g,Mobile,65.0,4,8.0,intel core i7-8705g
intel core i7-8706g,2018-01-07,https://en.wikichip.org/wiki/intel/core_i7/i7-8706g,Mobile,65.0,4,8.0,intel core i7-8706g
intel core i7-8709g,2018-01-07,https://en.wikichip.org/wiki/intel/core_i7/i7-8709g,Mobile,100.0,4,8.0,intel core i7-8709g
intel core i7-8809g,2018-01-07,https://en.wikichip.org/wiki/intel/core_i7/i7-8809g,Mobile,100.0,4,8.0,intel core i7-8809g
intel core i7-920xm extreme edition,2009-09-23,https://en.wikichip.org/wiki/intel/core_i7ee/i7-920xm,Mobile,55.0,4,8.0,intel core i7-920xm extreme edition
intel core i7-940xm extreme edition,2010-06-22,https://en.wikichip.org/wiki/intel/core_i7ee/i7-940xm,Mobile,55.0,4,8.0,intel core i7-940xm extreme edition
intel core i7-965 extreme edition,2008-11-17,https://en.wikichip.org/wiki/intel/core_i7ee/i7-965,Desktop,130.0,4,8.0,intel core i7-965 extreme edition
intel core i7-975 extreme edition,2009-06-02,https://en.wikichip.org/wiki/intel/core_i7ee/i7-975,Desktop,130.0,4,8.0,intel core i7-975 extreme edition
intel core i7-9800x,2018-11-01,https://en.wikichip.org/wiki/intel/core_i7/i7-9800x,Desktop,165.0,8,16.0,intel core i7-9800x
intel core i7-980x extreme edition,2010-03-16,https://en.wikichip.org/wiki/intel/core_i7ee/i7-980x,Desktop,130.0,6,12.0,intel core i7-980x extreme edition
intel core i7-990x extreme edition,2011-02-13,https://en.wikichip.org/wiki/intel/core_i7ee/i7-990x,Desktop,130.0,6,12.0,intel core i7-990x extreme edition
intel core i9-7900x,2017-06-26,https://en.wikichip.org/wiki/intel/core_i9/i9-7900x,Desktop,140.0,10,20.0,intel core i9-7900x
intel core i9-7920x,2017-08-28,https://en.wikichip.org/wiki/intel/core_i9/i9-7920x,Desktop,140.0,12,24.0,intel core i9-7920x
intel core i9-7940x,2017-09-25,https://en.wikichip.org/wiki/intel/core_i9/i9-7940x,Desktop,165.0,14,28.0,intel core i9-7940x
intel core i9-7960x,2017-09-25,https://en.wikichip.org/wiki/intel/core_i9/i9-7960x,Desktop,165.0,16,32.0,intel core i9-7960x
intel core i9-7980xe,2017-09-25,https://en.wikichip.org/wiki/intel/core_i9/i9-7980xe,Desktop,165.0,18,36.0,intel core i9-7980xe
intel core i9-9820x,2018-11-01,https://en.wikichip.org/wiki/intel/core_i9/i9-9820x,Desktop,165.0,10,20.0,intel core i9-9820x
intel core i9-9900x,2018-11-01,https://en.wikichip.org/wiki/intel/core_i9/i9-9900x,Desktop,165.0,10,20.0,intel core i9-9900x
intel core i9-9920x,2018-11-01,https://en.wikichip.org/wiki/intel/core_i9/i9-9920x,Desktop,165.0,12,24.0,intel core i9-9920x
intel core i9-9940x,2018-11-01,https://en.wikichip.org/wiki/intel/core_i9/i9-9940x,Desktop,165.0,14,28.0,intel core i9-9940x
intel core i9-9960x,2018-11-01,https://en.wikichip.org/wiki/intel/core_i9/i9-9960x,Desktop,165.0,16,32.0,intel core i9-9960x
intel core i9-9980xe,2018-11-01,https://en.wikichip.org/wiki/intel/core_i9/i9-9980xe,Desktop,165.0,18,36.0,intel core i9-9980xe
intel core i9-9990xe,2019-01-03,https://en.wikichip.org/wiki/intel/core_i9/i9-9990xe,Desktop; Workstation,255.0,14,28.0,intel core i9-9990xe
amd duron 1000 camaro,2001-12-17,https://en.wikichip.org/wiki/amd/duron/dhm1000avs1b,Mobile,25.0,1,1.0,amd duron 1000 camaro
amd duron 1000 morgan,2001-08-20,https://en.wikichip.org/wiki/amd/duron/dhd1000amt1b,Desktop,46.1,1,1.0,amd duron 1000 morgan
amd duron 1100 morgan,2001-10-01,https://en.wikichip.org/wiki/amd/duron/dhd1100amt1b,Desktop,50.3,1,1.0,amd duron 1100 morgan
amd duron 1200 morgan,2001-11-15,https://en.wikichip.org/wiki/amd/duron/dhd1200amt1b,Desktop,54.7,1,1.0,amd duron 1200 morgan
amd duron 1300 morgan,2002-01-21,https://en.wikichip.org/wiki/amd/duron/dhd1300amt1b,Desktop,60.0,1,1.0,amd duron 1300 morgan
amd duron 1400 applebred,2003-08-15,https://en.wikichip.org/wiki/amd/duron/dhd1400dlv1c,Desktop,57.0,1,1.0,amd duron 1400 applebred
amd duron 1600 applebred,2003-08-15,https://en.wikichip.org/wiki/amd/duron/dhd1600dlv1c,Desktop,57.0,1,1.0,amd duron 1600 applebred
amd duron 1800 applebred,2003-08-15,https://en.wikichip.org/wiki/amd/duron/dhd1800dlv1c,Desktop,57.0,1,1.0,amd duron 1800 applebred
amd duron 550 spitfire,2000-06-19,https://en.wikichip.org/wiki/amd/duron/d550aut1b,Desktop,25.4,1,1.0,amd duron 550 spitfire
amd duron 600 spitfire,2000-06-19,https://en.wikichip.org/wiki/amd/duron/d600ast1b,Desktop,22.7,1,1.0,amd duron 600 spitfire
amd duron 650 spitfire,2000-06-19,https://en.wikichip.org/wiki/amd/duron/d650ast1b,Desktop,24.3,1,1.0,amd duron 650 spitfire
amd duron 700 spitfire,2000-06-19,https://en.wikichip.org/wiki/amd/duron/d700ast1b,Desktop,25.5,1,1.0,amd duron 700 spitfire
amd duron 750 spitfire,2000-09-05,https://en.wikichip.org/wiki/amd/duron/d750ast1b,Desktop,31.2,1,1.0,amd duron 750 spitfire
amd duron 800 camaro,2001-01-01,https://en.wikichip.org/wiki/amd/duron/dhg0800avs1b,Mobile,25.0,1,1.0,amd duron 800 camaro
amd duron 800 spitfire,2000-10-17,https://en.wikichip.org/wiki/amd/duron/d800aut1b,Desktop,35.4,1,1.0,amd duron 800 spitfire
amd duron 850 camaro,2001-05-14,https://en.wikichip.org/wiki/amd/duron/dhm0850als1b,Mobile,25.0,1,1.0,amd duron 850 camaro
amd duron 850 spitfire,2001-01-08,https://en.wikichip.org/wiki/amd/duron/d850aut1b,Desktop,37.4,1,1.0,amd duron 850 spitfire
amd duron 900 camaro,2001-08-20,https://en.wikichip.org/wiki/amd/duron/dhm0900aqs1b,Mobile,25.0,1,1.0,amd duron 900 camaro
amd duron 900 morgan,2001-04-02,https://en.wikichip.org/wiki/amd/duron/dhd900amt1b,Desktop,42.7,1,1.0,amd duron 900 morgan
amd duron 900 spitfire,2001-04-02,https://en.wikichip.org/wiki/amd/duron/d900aut1b,Desktop,39.5,1,1.0,amd duron 900 spitfire
amd duron 950 camaro,2001-11-12,https://en.wikichip.org/wiki/amd/duron/dhm0950aqs1b,Mobile,25.0,1,1.0,amd duron 950 camaro
amd duron 950 morgan,2001-07-12,https://en.wikichip.org/wiki/amd/duron/dhd950amt1b,Desktop,44.4,1,1.0,amd duron 950 morgan
amd duron 950 spitfire,2001-06-06,https://en.wikichip.org/wiki/amd/duron/d950aut1b,Desktop,41.5,1,1.0,amd duron 950 spitfire
ampere emag 8180,2018-09-08,https://en.wikichip.org/wiki/ampere_computing/emag/8180,Server,125.0,32,32.0,ampere emag 8180
amd embedded g-series t16r,2012-06-01,https://en.wikichip.org/wiki/amd/embedded/t16r,Embedded,4.5,1,1.0,amd embedded g-series t16r
amd embedded g-series t24l,2011-03-01,https://en.wikichip.org/wiki/amd/embedded/t24l,Embedded,5.0,1,1.0,amd embedded g-series t24l
amd embedded g-series t30l,2011-03-01,https://en.wikichip.org/wiki/amd/embedded/t30l,Embedded,18.0,1,1.0,amd embedded g-series t30l
amd embedded g-series t40e,2011-05-23,https://en.wikichip.org/wiki/amd/embedded/t40e,Embedded,6.4,2,2.0,amd embedded g-series t40e
amd embedded g-series t40n,2011-01-19,https://en.wikichip.org/wiki/amd/embedded/t40n,Embedded,18.0,2,2.0,amd embedded g-series t40n
amd embedded g-series t40r,2011-05-23,https://en.wikichip.org/wiki/amd/embedded/t40r,Embedded,5.5,1,1.0,amd embedded g-series t40r
amd embedded g-series t44r,2011-01-19,https://en.wikichip.org/wiki/amd/embedded/t44r,Embedded,9.0,1,1.0,amd embedded g-series t44r
amd embedded g-series t48e,2012-01-01,https://en.wikichip.org/wiki/amd/embedded/t48e,Embedded,18.0,2,2.0,amd embedded g-series t48e
amd embedded g-series t48l,2011-03-01,https://en.wikichip.org/wiki/amd/embedded/t48l,Embedded,18.0,2,2.0,amd embedded g-series t48l
amd embedded g-series t48n,2011-01-19,https://en.wikichip.org/wiki/amd/embedded/t48n,Embedded,18.0,2,2.0,amd embedded g-series t48n
amd embedded g-series t52r,2011-01-19,https://en.wikichip.org/wiki/amd/embedded/t52r,Embedded,18.0,1,1.0,amd embedded g-series t52r
amd embedded g-series t56e,2012-01-01,https://en.wikichip.org/wiki/amd/embedded/t56e,Embedded,18.0,2,2.0,amd embedded g-series t56e
amd embedded g-series t56n,2011-01-19,https://en.wikichip.org/wiki/amd/embedded/t56n,Embedded,18.0,2,2.0,amd embedded g-series t56n
amd epyc embedded 3301,2018-02-21,https://en.wikichip.org/wiki/amd/epyc_embedded/3301,Server; Embedded,65.0,12,12.0,amd epyc embedded 3301
amd epyc embedded 3401,2018-02-21,https://en.wikichip.org/wiki/amd/epyc_embedded/3401,Embedded; Server,85.0,16,16.0,amd epyc embedded 3401
samsung exynos 7885,2018-02-13,https://en.wikichip.org/wiki/samsung/exynos/7885,Mobile,8.0,8,8.0,samsung exynos 7885
samsung exynos 8895,2017-03-29,https://en.wikichip.org/wiki/samsung/exynos/8895,Mobile,8.0,8,8.0,samsung exynos 8895
samsung exynos 9825,2019-01-01,https://en.wikichip.org/wiki/samsung/exynos/9825,Mobile,5.0,8,8.0,samsung exynos 9825
samsung exynos 990,2020-01-01,https://en.wikichip.org/wiki/samsung/exynos/990,Mobile,8.0,8,8.0,samsung exynos 990
mobileye eyeq1,2008-01-01,https://en.wikichip.org/wiki/mobileye/eyeq/eyeq1,Automotive,2.5,2,2.0,mobileye eyeq1
tesla fsd chip,2019-03-10,https://en.wikichip.org/wiki/tesla_(car_company)/fsd_chip,Automotive,36.0,12,12.0,tesla fsd chip
phytium ft-1500a16,2016-07-26,https://en.wikichip.org/wiki/phytium/feiteng/ft-1500a-16,Workstation,35.0,16,16.0,phytium ft-1500a16
phytium ft-1500a4,2016-07-26,https://en.wikichip.org/wiki/phytium/feiteng/ft-1500a-4,Workstation,15.0,4,4.0,phytium ft-1500a4
core m 5y10,2014-09-02,https://en.wikichip.org/wiki/intel/core_m/5y10,Mobile,4.5,2,4.0,core m 5y10
core m 5y10a,2014-09-02,https://en.wikichip.org/wiki/intel/core_m/5y10a,Mobile,4.5,2,4.0,core m 5y10a
core m 5y10c,2015-01-01,https://en.wikichip.org/wiki/intel/core_m/5y10c,Mobile,4.5,2,4.0,core m 5y10c
core m 5y31,2015-01-01,https://en.wikichip.org/wiki/intel/core_m/5y31,Mobile,4.5,2,4.0,core m 5y31
core m 5y51,2015-01-01,https://en.wikichip.org/wiki/intel/core_m/5y51,Mobile,4.5,2,4.0,core m 5y51
core m 5y70,2014-09-02,https://en.wikichip.org/wiki/intel/core_m/5y70,Mobile,4.5,2,4.0,core m 5y70
core m 5y71,2015-01-01,https://en.wikichip.org/wiki/intel/core_m/5y71,Mobile,4.5,2,4.0,core m 5y71
amd k6-2450acz,2000-04-18,https://en.wikichip.org/wiki/amd/k6-2%2B/k6-2%2B-450acz,Mobile,16.0,1,1.0,amd k6-2450acz
amd k6-2475acz,2000-04-18,https://en.wikichip.org/wiki/amd/k6-2%2B/k6-2%2B-475acz,Mobile,16.0,1,1.0,amd k6-2475acz
amd k6-2500acz,2000-04-18,https://en.wikichip.org/wiki/amd/k6-2%2B/k6-2%2B-500acz,Mobile,16.0,1,1.0,amd k6-2500acz
amd k6-2533acz,2000-09-05,https://en.wikichip.org/wiki/amd/k6-2%2B/k6-2%2B-533acz,Mobile,18.0,1,1.0,amd k6-2533acz
amd k6-2550acz,2000-09-05,https://en.wikichip.org/wiki/amd/k6-2%2B/k6-2%2B-550acz,Mobile,18.0,1,1.0,amd k6-2550acz
amd k6-2e350auz,2000-09-25,https://en.wikichip.org/wiki/amd/k6-2%2B/k6-2e%2B-350auz,Embedded,7.5,1,1.0,amd k6-2e350auz
amd k6-2e350iuz,2000-09-25,https://en.wikichip.org/wiki/amd/k6-2%2B/k6-2e%2B-350iuz,Embedded,7.5,1,1.0,amd k6-2e350iuz
amd k6-2e400acr,2000-09-25,https://en.wikichip.org/wiki/amd/k6-2%2B/k6-2e%2B-400acr,Embedded,16.5,1,1.0,amd k6-2e400acr
amd k6-2e400atz,2000-09-25,https://en.wikichip.org/wiki/amd/k6-2%2B/k6-2e%2B-400atz,Embedded,9.5,1,1.0,amd k6-2e400atz
amd k6-2e400icr,2000-09-25,https://en.wikichip.org/wiki/amd/k6-2%2B/k6-2e%2B-400icr,Embedded,16.5,1,1.0,amd k6-2e400icr
amd k6-2e400itz,2000-09-25,https://en.wikichip.org/wiki/amd/k6-2%2B/k6-2e%2B-400itz,Embedded,9.5,1,1.0,amd k6-2e400itz
amd k6-2e450acr,2000-09-25,https://en.wikichip.org/wiki/amd/k6-2%2B/k6-2e%2B-450acr,Embedded,17.5,1,1.0,amd k6-2e450acr
amd k6-2e450apz,2000-09-25,https://en.wikichip.org/wiki/amd/k6-2%2B/k6-2e%2B-450apz,Embedded,12.0,1,1.0,amd k6-2e450apz
amd k6-2e450icr,2000-09-25,https://en.wikichip.org/wiki/amd/k6-2%2B/k6-2e%2B-450icr,Embedded,17.5,1,1.0,amd k6-2e450icr
amd k6-2e500acr,2000-09-25,https://en.wikichip.org/wiki/amd/k6-2%2B/k6-2e%2B-500acr,Embedded,18.5,1,1.0,amd k6-2e500acr
hisilicon kunpeng 916 hi1616,2017-08-01,https://en.wikichip.org/wiki/hisilicon/kunpeng/hi1616,Server,85.0,32,32.0,hisilicon kunpeng 916 hi1616
hisilicon kunpeng 920-3226,2019-04-26,https://en.wikichip.org/wiki/hisilicon/kunpeng/920-3226,Server,120.0,32,32.0,hisilicon kunpeng 920-3226
hisilicon kunpeng 920-4826,2019-04-26,https://en.wikichip.org/wiki/hisilicon/kunpeng/920-4826,Server,158.0,48,48.0,hisilicon kunpeng 920-4826
hisilicon kunpeng 920-6426,2019-01-07,https://en.wikichip.org/wiki/hisilicon/kunpeng/920-6426,Server,195.0,64,64.0,hisilicon kunpeng 920-6426
intel mobile pentium ii 233,1998-04-02,https://en.wikichip.org/wiki/intel/mobile_pentium_ii/233,Mobile,9.0,1,1.0,intel mobile pentium ii 233
intel mobile pentium ii 266,1998-04-02,https://en.wikichip.org/wiki/intel/mobile_pentium_ii/266,Mobile,10.3,1,1.0,intel mobile pentium ii 266
intel mobile pentium ii 266pe,1999-01-25,https://en.wikichip.org/wiki/intel/mobile_pentium_ii/266pe,Mobile,10.3,1,1.0,intel mobile pentium ii 266pe
intel mobile pentium ii 300,1998-09-09,https://en.wikichip.org/wiki/intel/mobile_pentium_ii/300,Mobile,11.1,1,1.0,intel mobile pentium ii 300
intel mobile pentium ii 300pe,1999-01-25,https://en.wikichip.org/wiki/intel/mobile_pentium_ii/300pe,Mobile,11.6,1,1.0,intel mobile pentium ii 300pe
intel mobile pentium ii 333,1999-01-25,https://en.wikichip.org/wiki/intel/mobile_pentium_ii/333,Mobile,11.8,1,1.0,intel mobile pentium ii 333
intel mobile pentium ii 366,1999-01-25,https://en.wikichip.org/wiki/intel/mobile_pentium_ii/366,Mobile,13.1,1,1.0,intel mobile pentium ii 366
intel mobile pentium ii 400,1999-06-14,https://en.wikichip.org/wiki/intel/mobile_pentium_ii/400,Mobile,13.1,1,1.0,intel mobile pentium ii 400
intel nervana nnp-i 1100,2019-11-12,https://en.wikichip.org/wiki/nervana/nnp/nnp-i_1100,Server; Edge,12.0,12,,intel nervana nnp-i 1100
intel nervana nnp-i 1300,2019-11-12,https://en.wikichip.org/wiki/nervana/nnp/nnp-i_1300,Server; Edge,75.0,24,,intel nervana nnp-i 1300
intel nervana nnp-t 1300,2019-11-12,https://en.wikichip.org/wiki/nervana/nnp/nnp-t_1300,Server,300.0,22,,intel nervana nnp-t 1300
intel nervana nnp-t 1400,2019-11-12,https://en.wikichip.org/wiki/nervana/nnp/nnp-t_1400,Server,375.0,24,,intel nervana nnp-t 1400
amd opteron a1120,2016-01-01,https://en.wikichip.org/wiki/amd/opteron/a1120,Server,25.0,4,,amd opteron a1120
amd opteron a1150,2016-01-01,https://en.wikichip.org/wiki/amd/opteron/a1150,Server,32.0,8,,amd opteron a1150
amd opteron a1170,2016-01-01,https://en.wikichip.org/wiki/amd/opteron/a1170,Server,32.0,8,,amd opteron a1170
intel pentium 907,2012-01-01,https://en.wikichip.org/wiki/intel/pentium_(2009)/907,Mobile,17.0,2,2.0,intel pentium 907
intel pentium 917,2012-01-01,https://en.wikichip.org/wiki/intel/pentium_(2009)/917,Mobile,17.0,2,2.0,intel pentium 917
intel pentium 927,2012-01-01,https://en.wikichip.org/wiki/intel/pentium_(2009)/927,Mobile,17.0,2,2.0,intel pentium 927
intel pentium 957,2011-06-13,https://en.wikichip.org/wiki/intel/pentium_(2009)/957,Mobile,17.0,2,2.0,intel pentium 957
intel pentium 967,2011-10-03,https://en.wikichip.org/wiki/intel/pentium_(2009)/967,Mobile,17.0,2,2.0,intel pentium 967
intel pentium 977,2012-01-16,https://en.wikichip.org/wiki/intel/pentium_(2009)/977,Mobile,17.0,2,2.0,intel pentium 977
intel pentium 987,2012-09-01,https://en.wikichip.org/wiki/intel/pentium_(2009)/987,Mobile,17.0,2,2.0,intel pentium 987
intel pentium 997,2012-09-01,https://en.wikichip.org/wiki/intel/pentium_(2009)/997,Mobile,17.0,2,2.0,intel pentium 997
intel pentium b940,2011-06-13,https://en.wikichip.org/wiki/intel/pentium_(2009)/b940,Mobile,35.0,2,2.0,intel pentium b940
intel pentium b950,2011-06-13,https://en.wikichip.org/wiki/intel/pentium_(2009)/b950,Mobile,35.0,2,2.0,intel pentium b950
intel pentium b960,2011-10-03,https://en.wikichip.org/wiki/intel/pentium_(2009)/b960,Mobile,35.0,2,2.0,intel pentium b960
intel pentium b970,2012-01-16,https://en.wikichip.org/wiki/intel/pentium_(2009)/b970,Mobile,35.0,2,2.0,intel pentium b970
intel pentium b980,2012-09-01,https://en.wikichip.org/wiki/intel/pentium_(2009)/b980,Mobile,35.0,2,2.0,intel pentium b980
intel pentium gold g4560,2017-01-03,https://en.wikichip.org/wiki/intel/pentium_gold/g4560,Desktop,54.0,2,4.0,intel pentium gold g4560
intel pentium gold g4600,2017-01-03,https://en.wikichip.org/wiki/intel/pentium_gold/g4600,Desktop,51.0,2,4.0,intel pentium gold g4600
intel pentium gold g4620,2017-01-03,https://en.wikichip.org/wiki/intel/pentium_gold/g4620,Desktop,51.0,2,4.0,intel pentium gold g4620
phytium ft-200064,2019-01-01,https://en.wikichip.org/wiki/phytium/feiteng/ft-2000%2B-64,Server,96.0,64,64.0,phytium ft-200064
intel pentium p6000,2010-06-20,https://en.wikichip.org/wiki/intel/pentium_(2009)/p6000,Mobile,35.0,2,2.0,intel pentium p6000
intel pentium p6100,2010-09-26,https://en.wikichip.org/wiki/intel/pentium_(2009)/p6100,Mobile,35.0,2,2.0,intel pentium p6100
intel pentium p6200,2010-09-26,https://en.wikichip.org/wiki/intel/pentium_(2009)/p6200,Mobile,35.0,2,2.0,intel pentium p6200
intel pentium p6300,2011-01-11,https://en.wikichip.org/wiki/intel/pentium_(2009)/p6300,Mobile,35.0,2,2.0,intel pentium p6300
intel pentium u5400,2010-05-25,https://en.wikichip.org/wiki/intel/pentium_(2009)/u5400,Mobile,18.0,2,2.0,intel pentium u5400
intel pentium u5600,2011-01-11,https://en.wikichip.org/wiki/intel/pentium_(2009)/u5600,Mobile,18.0,2,2.0,intel pentium u5600
ibm power9 02aa986,2017-11-01,https://en.wikichip.org/wiki/ibm/power/02aa986,Server; Workstation,190.0,16,64.0,ibm power9 02aa986
ibm power9 02cy089,2017-11-01,https://en.wikichip.org/wiki/ibm/power/02cy089,Server; Workstation,160.0,8,32.0,ibm power9 02cy089
ibm power9 02cy227,2017-11-01,https://en.wikichip.org/wiki/ibm/power/02cy227,Server; Workstation,190.0,22,88.0,ibm power9 02cy227
ibm power9 02cy228,2017-11-01,https://en.wikichip.org/wiki/ibm/power/02cy228,Server; Workstation,190.0,20,80.0,ibm power9 02cy228
ibm power9 02cy230,2017-11-01,https://en.wikichip.org/wiki/ibm/power/02cy230,Server; Workstation,190.0,16,64.0,ibm power9 02cy230
ibm power9 02cy296,2017-11-01,https://en.wikichip.org/wiki/ibm/power/02cy296,Server; Workstation,190.0,22,88.0,ibm power9 02cy296
ibm power9 02cy297,2017-11-01,https://en.wikichip.org/wiki/ibm/power/02cy297,Server; Workstation,90.0,4,16.0,ibm power9 02cy297
ibm power9 02cy414,2017-11-01,https://en.wikichip.org/wiki/ibm/power/02cy414,Server; Workstation,160.0,22,88.0,ibm power9 02cy414
ibm power9 02cy415,2017-11-01,https://en.wikichip.org/wiki/ibm/power/02cy415,Server; Workstation,160.0,20,80.0,ibm power9 02cy415
ibm power9 02cy416,2017-11-01,https://en.wikichip.org/wiki/ibm/power/02cy416,Server; Workstation,130.0,18,72.0,ibm power9 02cy416
ibm power9 02cy417,2017-11-01,https://en.wikichip.org/wiki/ibm/power/02cy417,Server; Workstation,130.0,16,64.0,ibm power9 02cy417
ibm power9 02cy489,2017-11-01,https://en.wikichip.org/wiki/ibm/power/02cy489,Server; Workstation,190.0,18,72.0,ibm power9 02cy489
ibm power9 02cy771,2017-11-01,https://en.wikichip.org/wiki/ibm/power/02cy771,Server; Workstation,105.0,12,48.0,ibm power9 02cy771
qualcomm centriq 2434,2017-11-08,https://en.wikichip.org/wiki/qualcomm/centriq/2434,Server,110.0,40,40.0,qualcomm centriq 2434
qualcomm centriq 2452,2017-11-08,https://en.wikichip.org/wiki/qualcomm/centriq/2452,Server,120.0,46,46.0,qualcomm centriq 2452
qualcomm centriq 2460,2017-11-08,https://en.wikichip.org/wiki/qualcomm/centriq/2460,Server,120.0,48,48.0,qualcomm centriq 2460
qualcomm snapdragon 865,2020-03-01,https://en.wikichip.org/wiki/qualcomm/snapdragon_800/865,Mobile,10.0,8,8.0,qualcomm snapdragon 865
qualcomm snapdragon 8cx,2019-03-01,https://en.wikichip.org/wiki/qualcomm/snapdragon_800/8cx,Mobile,7.0,8,8.0,qualcomm snapdragon 8cx
amd ryzen 3 2200g,2018-02-12,https://en.wikichip.org/wiki/amd/ryzen_3/2200g,Desktop,65.0,4,4.0,amd ryzen 3 2200g
amd ryzen 3 2200ge,2018-04-19,https://en.wikichip.org/wiki/amd/ryzen_3/2200ge,Desktop,35.0,4,4.0,amd ryzen 3 2200ge
amd ryzen 3 3200g,2019-07-07,https://en.wikichip.org/wiki/amd/ryzen_3/3200g,Desktop,65.0,4,4.0,amd ryzen 3 3200g
amd ryzen 3 4300g,2020-07-21,https://en.wikichip.org/wiki/amd/ryzen_3/4300g,Desktop,65.0,4,8.0,amd ryzen 3 4300g
amd ryzen 3 4300ge,2020-07-21,https://en.wikichip.org/wiki/amd/ryzen_3/4300ge,Desktop,35.0,4,8.0,amd ryzen 3 4300ge
amd ryzen 3 5300g,2021-04-13,https://en.wikichip.org/wiki/amd/ryzen_3/5300g,Desktop,65.0,4,8.0,amd ryzen 3 5300g
amd ryzen 3 5300ge,2021-04-13,https://en.wikichip.org/wiki/amd/ryzen_3/5300ge,Desktop,35.0,4,8.0,amd ryzen 3 5300ge
amd ryzen 3 pro 2200g,2018-05-10,https://en.wikichip.org/wiki/amd/ryzen_3/pro_2200g,Desktop,65.0,4,4.0,amd ryzen 3 pro 2200g
amd ryzen 3 pro 2200ge,2018-05-10,https://en.wikichip.org/wiki/amd/ryzen_3/pro_2200ge,Desktop,35.0,4,4.0,amd ryzen 3 pro 2200ge
amd ryzen 5 2400g,2018-02-12,https://en.wikichip.org/wiki/amd/ryzen_5/2400g,Desktop,65.0,4,8.0,amd ryzen 5 2400g
amd ryzen 5 2400ge,2018-04-19,https://en.wikichip.org/wiki/amd/ryzen_5/2400ge,Desktop,35.0,4,8.0,amd ryzen 5 2400ge
amd ryzen 5 3400g,2019-07-07,https://en.wikichip.org/wiki/amd/ryzen_5/3400g,Desktop,65.0,4,8.0,amd ryzen 5 3400g
amd ryzen 5 3500,,https://en.wikichip.org/wiki/amd/ryzen_5/3500,Desktop,65.0,6,6.0,amd ryzen 5 3500
amd ryzen 5 3500x,,https://en.wikichip.org/wiki/amd/ryzen_5/3500x,Desktop,65.0,6,6.0,amd ryzen 5 3500x
amd ryzen 5 3580u,2019-10-01,https://en.wikichip.org/wiki/amd/ryzen_5/3580u,Mobile,15.0,4,8.0,amd ryzen 5 3580u
amd ryzen 5 4600ge,2020-07-21,https://en.wikichip.org/wiki/amd/ryzen_5/4600ge,Desktop,35.0,6,12.0,amd ryzen 5 4600ge
amd ryzen 5 4600hs,2020-03-16,https://en.wikichip.org/wiki/amd/ryzen_5/4600hs,Mobile,35.0,6,12.0,amd ryzen 5 4600hs
amd ryzen 5 4680u,2021-04-13,https://en.wikichip.org/wiki/amd/ryzen_5/4680u,Mobile,15.0,6,12.0,amd ryzen 5 4680u
amd ryzen 5 pro 2400g,2018-05-10,https://en.wikichip.org/wiki/amd/ryzen_5/pro_2400g,Desktop,65.0,4,8.0,amd ryzen 5 pro 2400g
amd ryzen 5 pro 2400ge,2018-05-10,https://en.wikichip.org/wiki/amd/ryzen_5/pro_2400ge,Desktop,35.0,4,8.0,amd ryzen 5 pro 2400ge
amd ryzen 7 2700x gold edition,2019-04-29,https://en.wikichip.org/wiki/amd/ryzen_7/2700x_gold_edition,Desktop,105.0,8,16.0,amd ryzen 7 2700x gold edition
amd ryzen 7 3780u,2019-10-01,https://en.wikichip.org/wiki/amd/ryzen_7/3780u,Mobile,15.0,4,8.0,amd ryzen 7 3780u
amd ryzen 7 4700g,2020-07-21,https://en.wikichip.org/wiki/amd/ryzen_7/4700g,Desktop,65.0,8,16.0,amd ryzen 7 4700g
amd ryzen 7 4700ge,2020-07-21,https://en.wikichip.org/wiki/amd/ryzen_7/4700ge,Desktop,35.0,8,16.0,amd ryzen 7 4700ge
amd ryzen 7 4980u,2021-04-13,https://en.wikichip.org/wiki/amd/ryzen_7/4980u,Mobile,15.0,8,16.0,amd ryzen 7 4980u
amd ryzen 7 5800,2021-01-12,https://en.wikichip.org/wiki/amd/ryzen_7/5800,Desktop,65.0,8,16.0,amd ryzen 7 5800
amd ryzen 9 3900,2019-09-24,https://en.wikichip.org/wiki/amd/ryzen_9/3900,Desktop,65.0,12,24.0,amd ryzen 9 3900
amd ryzen 9 5900,2021-01-12,https://en.wikichip.org/wiki/amd/ryzen_9/5900,Desktop,65.0,12,24.0,amd ryzen 9 5900
amd ryzen embedded r1102g,2020-02-25,https://en.wikichip.org/wiki/amd/ryzen_embedded/r1102g,Embedded,6.0,2,2.0,amd ryzen embedded r1102g
amd ryzen embedded r1305g,2020-02-25,https://en.wikichip.org/wiki/amd/ryzen_embedded/r1305g,Embedded,8.0,2,4.0,amd ryzen embedded r1305g
amd ryzen embedded r1505g,2019-04-16,https://en.wikichip.org/wiki/amd/ryzen_embedded/r1505g,Embedded,15.0,2,4.0,amd ryzen embedded r1505g
amd ryzen embedded r1606g,2019-04-16,https://en.wikichip.org/wiki/amd/ryzen_embedded/r1606g,Embedded,15.0,2,4.0,amd ryzen embedded r1606g
amd ryzen embedded v1202b,2018-02-21,https://en.wikichip.org/wiki/amd/ryzen_embedded/v1202b,Embedded,15.0,2,4.0,amd ryzen embedded v1202b
amd ryzen embedded v1404i,2018-12-01,https://en.wikichip.org/wiki/amd/ryzen_embedded/v1404i,Embedded,15.0,4,8.0,amd ryzen embedded v1404i
amd ryzen embedded v1605b,2018-02-21,https://en.wikichip.org/wiki/amd/ryzen_embedded/v1605b,Embedded,15.0,4,8.0,amd ryzen embedded v1605b
amd ryzen embedded v1756b,2018-02-21,https://en.wikichip.org/wiki/amd/ryzen_embedded/v1756b,Embedded,45.0,4,8.0,amd ryzen embedded v1756b
amd ryzen embedded v1807b,2018-02-21,https://en.wikichip.org/wiki/amd/ryzen_embedded/v1807b,Embedded,45.0,4,8.0,amd ryzen embedded v1807b
amd ryzen embedded v2516,2020-11-10,https://en.wikichip.org/wiki/amd/ryzen_embedded/v2516,Embedded,15.0,6,12.0,amd ryzen embedded v2516
amd ryzen embedded v2546,2020-11-10,https://en.wikichip.org/wiki/amd/ryzen_embedded/v2546,Embedded,45.0,6,12.0,amd ryzen embedded v2546
amd ryzen embedded v2718,2020-11-10,https://en.wikichip.org/wiki/amd/ryzen_embedded/v2718,Embedded,15.0,8,16.0,amd ryzen embedded v2718
amd ryzen embedded v2748,2020-11-10,https://en.wikichip.org/wiki/amd/ryzen_embedded/v2748,Embedded,45.0,8,16.0,amd ryzen embedded v2748
amd ryzen threadripper 3980x,,https://en.wikichip.org/wiki/amd/ryzen_threadripper/3980x,Desktop,280.0,48,96.0,amd ryzen threadripper 3980x
socionext sc2a11,2017-01-01,https://en.wikichip.org/wiki/socionext/sc2a11,Server; Networking; IoT,5.0,24,24.0,socionext sc2a11
nvidia tegra xavier,2018-06-01,https://en.wikichip.org/wiki/nvidia/tegra/xavier,Artificial Intelligence; Embedded,30.0,8,8.0,nvidia tegra xavier
appliedmicro x-gene 1 apm883204-x1,2012-01-01,https://en.wikichip.org/wiki/apm/x-gene/apm883204-x1,Server,45.0,4,4.0,appliedmicro x-gene 1 apm883204-x1
appliedmicro x-gene 1 apm883208-x1,2012-01-01,https://en.wikichip.org/wiki/apm/x-gene/apm883208-x1,Server,45.0,8,8.0,appliedmicro x-gene 1 apm883208-x1
appliedmicro x-gene 1 apm883408-x1,2012-01-01,https://en.wikichip.org/wiki/apm/x-gene/apm883408-x1,Server,45.0,8,8.0,appliedmicro x-gene 1 apm883408-x1
appliedmicro x-gene 2 apm883208-x2,2015-03-01,https://en.wikichip.org/wiki/apm/x-gene/apm883208-x2,Server,35.0,8,8.0,appliedmicro x-gene 2 apm883208-x2
appliedmicro x-gene 2 apm883408-x2,2015-03-01,https://en.wikichip.org/wiki/apm/x-gene/apm883408-x2,Server,35.0,8,8.0,appliedmicro x-gene 2 apm883408-x2
appliedmicro x-gene 3 apm883832-x3,,https://en.wikichip.org/wiki/apm/x-gene/apm883832-x3,Server,125.0,32,32.0,appliedmicro x-gene 3 apm883832-x3
intel xeon d-1581,2016-02-24,https://en.wikichip.org/wiki/intel/xeon_d/d-1581,Server; Embedded,65.0,16,32.0,intel xeon d-1581
intel xeon d-1587,2016-02-24,https://en.wikichip.org/wiki/intel/xeon_d/d-1587,Server; Embedded,65.0,16,32.0,intel xeon d-1587
intel xeon d-1612,2019-04-02,https://en.wikichip.org/wiki/intel/xeon_d/d-1612,Server,22.0,4,8.0,intel xeon d-1612
intel xeon d-1632,2019-04-02,https://en.wikichip.org/wiki/intel/xeon_d/d-1632,Server; Embedded,30.0,8,16.0,intel xeon d-1632
intel xeon d-2191,2018-02-07,https://en.wikichip.org/wiki/intel/xeon_d/d-2191,Server; Embedded,86.0,18,36.0,intel xeon d-2191
intel xeon e-2104g,2018-07-12,https://en.wikichip.org/wiki/intel/xeon_e/e-2104g,Workstation,65.0,4,4.0,intel xeon e-2104g
intel xeon e3-1205 v6,2017-03-28,https://en.wikichip.org/wiki/intel/xeon_e3/e3-1205_v6,Workstation; Server,65.0,4,8.0,intel xeon e3-1205 v6
intel xeon e3-1284l v3,2014-10-01,https://en.wikichip.org/wiki/intel/xeon_e3/e3-1284l_v3,Server,47.0,4,8.0,intel xeon e3-1284l v3
intel xeon e5-1603 v4,2016-06-20,https://en.wikichip.org/wiki/intel/xeon_e5/e5-1603_v4,Server,140.0,4,4.0,intel xeon e5-1603 v4
intel xeon e5-1607 v4,2016-06-20,https://en.wikichip.org/wiki/intel/xeon_e5/e5-1607_v4,Server,140.0,4,4.0,intel xeon e5-1607 v4
intel xeon e5-2670 v4,2016-06-20,https://en.wikichip.org/wiki/intel/xeon_e5/e5-2670_v4,Server,120.0,14,28.0,intel xeon e5-2670 v4
intel xeon e5-2673 v4,2016-06-20,https://en.wikichip.org/wiki/intel/xeon_e5/e5-2673_v4,Server,135.0,20,40.0,intel xeon e5-2673 v4
intel xeon e5-2679 v4,2016-06-20,https://en.wikichip.org/wiki/intel/xeon_e5/e5-2679_v4,Server,200.0,20,40.0,intel xeon e5-2679 v4
intel xeon e5-2682 v4,2016-06-20,https://en.wikichip.org/wiki/intel/xeon_e5/e5-2682_v4,Server,120.0,16,32.0,intel xeon e5-2682 v4
intel xeon e5-2686 v4,2016-06-20,https://en.wikichip.org/wiki/intel/xeon_e5/e5-2686_v4,Server,145.0,18,36.0,intel xeon e5-2686 v4
intel xeon e5-2689 v4,2016-06-20,https://en.wikichip.org/wiki/intel/xeon_e5/e5-2689_v4,Server,165.0,10,20.0,intel xeon e5-2689 v4
intel xeon e5-2689a v4,2016-06-20,https://en.wikichip.org/wiki/intel/xeon_e5/e5-2689a_v4,Server,145.0,8,16.0,intel xeon e5-2689a v4
intel xeon e5-2696 v4,2016-06-20,https://en.wikichip.org/wiki/intel/xeon_e5/e5-2696_v4,Server,150.0,22,44.0,intel xeon e5-2696 v4
intel xeon gold 5117,2017-07-11,https://en.wikichip.org/wiki/intel/xeon_gold/5117,Server,105.0,14,28.0,intel xeon gold 5117
intel xeon gold 5117f,2017-07-11,https://en.wikichip.org/wiki/intel/xeon_gold/5117f,Server,113.0,14,28.0,intel xeon gold 5117f
intel xeon gold 5215m,2019-04-02,https://en.wikichip.org/wiki/intel/xeon_gold/5215m,Server,85.0,10,20.0,intel xeon gold 5215m
intel xeon gold 6134m,2017-07-11,https://en.wikichip.org/wiki/intel/xeon_gold/6134m,Server,130.0,8,16.0,intel xeon gold 6134m
intel xeon gold 6140m,2017-07-11,https://en.wikichip.org/wiki/intel/xeon_gold/6140m,Server,140.0,18,36.0,intel xeon gold 6140m
intel xeon gold 6142m,2017-07-11,https://en.wikichip.org/wiki/intel/xeon_gold/6142m,Server,150.0,16,32.0,intel xeon gold 6142m
intel xeon gold 6161,,https://en.wikichip.org/wiki/intel/xeon_gold/6161,Server,165.0,22,44.0,intel xeon gold 6161
intel xeon gold 6238m,2019-04-02,https://en.wikichip.org/wiki/intel/xeon_gold/6238m,Server,140.0,22,44.0,intel xeon gold 6238m
intel xeon gold 6240m,2019-04-02,https://en.wikichip.org/wiki/intel/xeon_gold/6240m,Server,150.0,18,36.0,intel xeon gold 6240m
intel xeon platinum 8124,2017-01-01,https://en.wikichip.org/wiki/intel/xeon_platinum/8124,Server,240.0,18,36.0,intel xeon platinum 8124
intel xeon platinum 8124m,2017-01-01,https://en.wikichip.org/wiki/intel/xeon_platinum/8124m,Server,240.0,18,36.0,intel xeon platinum 8124m
intel xeon platinum 8160m,2017-07-11,https://en.wikichip.org/wiki/intel/xeon_platinum/8160m,Server,150.0,24,48.0,intel xeon platinum 8160m
intel xeon platinum 8170f,,https://en.wikichip.org/wiki/intel/xeon_platinum/8170f,Server,165.0,26,52.0,intel xeon platinum 8170f
intel xeon platinum 8170m,2017-07-11,https://en.wikichip.org/wiki/intel/xeon_platinum/8170m,Server,165.0,26,52.0,intel xeon platinum 8170m
intel xeon platinum 8176m,2017-07-11,https://en.wikichip.org/wiki/intel/xeon_platinum/8176m,Server,165.0,28,56.0,intel xeon platinum 8176m
intel xeon platinum 8180m,2017-07-11,https://en.wikichip.org/wiki/intel/xeon_platinum/8180m,Server,205.0,28,56.0,intel xeon platinum 8180m
intel xeon platinum 8260m,2019-04-02,https://en.wikichip.org/wiki/intel/xeon_platinum/8260m,Server,165.0,24,48.0,intel xeon platinum 8260m
intel xeon platinum 8276m,2019-04-02,https://en.wikichip.org/wiki/intel/xeon_platinum/8276m,Server,165.0,28,56.0,intel xeon platinum 8276m
intel xeon platinum 8280m,2019-04-02,https://en.wikichip.org/wiki/intel/xeon_platinum/8280m,Server,205.0,28,56.0,intel xeon platinum 8280m
intel xeon platinum 8284,2019-07-10,https://en.wikichip.org/wiki/intel/xeon_platinum/8284,Server,240.0,28,56.0,intel xeon platinum 8284
intel xeon w-2102,2017-08-29,https://en.wikichip.org/wiki/intel/xeon_w/w-2102,Workstation,120.0,4,4.0,intel xeon w-2102
intel xeon w-2104,2017-08-29,https://en.wikichip.org/wiki/intel/xeon_w/w-2104,Workstation,120.0,4,4.0,intel xeon w-2104
default default,,,Artificial Intelligence; Automotive; Desktop; Edge; Embedded; Enthusiast; HPC; IoT; Mobile; Networking; Server; Supercomputer; Workstation,11.66,1,1.7,default default
